{"cameraMode":{"drawMode":0,"name":"Shaded","section":"Shading Mode"},"sceneLighting":true,"audioPlay":false,"sceneViewState":{"showFog":true,"showMaterialUpdate":false,"showSkybox":true,"showFlares":true,"showImageEffects":true,"showParticleSystems":true},"in2DMode":false,"pivot":{"x":8.344650268554688e-7,"y":0.8962231874465942,"z":0.010292649269104004},"rotation":{"x":-0.07460949569940567,"y":0.9252992868423462,"z":-0.2695835828781128,"w":-0.2560842037200928},"size":1.0730644464492798,"orthographic":true}